{"initial_reset_timestamp": 1749728709.6704202, "timestamps": [1749728722.5323062, 1749728729.7966173, 1749728733.2286127, 1749728736.4606144, 1749728740.4925935, 1749728744.974624, 1749728749.272862, 1749728753.3215728, 1749728760.6521397, 1749728764.6341317], "episode_lengths": [924, 1072, 531, 532, 658, 730, 651, 653, 1094, 647], "episode_rewards": [475.0, 195.0, 80.0, 40.0, 155.0, 165.0, 210.0, 180.0, 215.0, 130.0], "episode_types": ["t", "t", "t", "t", "t", "t", "t", "t", "t", "t"]}