{"initial_reset_timestamp": 1749709363.5567267, "timestamps": [1749709393.4436345, 1749709396.9889808, 1749709400.2540352, 1749709408.0175743, 1749709411.4165823, 1749709416.282875, 1749709420.6806252, 1749709428.4943264, 1749709431.4763546, 1749709434.2487597], "episode_lengths": [519, 520, 630, 1607, 655, 925, 897, 1633, 519, 517], "episode_rewards": [5.0, 5.0, 5.0, 5.0, 5.0, 5.0, 5.0, 5.0, 5.0, 5.0], "episode_types": ["t", "t", "t", "t", "t", "t", "t", "t", "t", "t"]}